X,coach,team,season
774,Kliff Kingsbury,ARI,2022
775,Arthur Smith,ATL,2022
776,John Harbaugh,BAL,2022
777,Sean McDermott,BUF,2022
778,Matt Rhule,CAR,2022
779,Matt Eberflus,CHI,2022
780,Zac Taylor,CIN,2022
781,Kevin Stefanski,CLE,2022
782,Mike McCarthy,DAL,2022
783,Nathaniel Hackett,DEN,2022
784,Dan Campbell,DET,2022
785,Matt LaFleur,GB,2022
786,Lovie Smith,HOU,2022
787,Frank Reich,IND,2022
788,Doug Pederson,JAX,2022
789,Andy Reid,KC,2022
790,Sean McVay,LA,2022
791,Brandon Staley,LAC,2022
792,Josh McDaniels,LV,2022
793,Mike McDaniel,MIA,2022
794,Kevin O'Connell,MIN,2022
795,Bill Belichick,NE,2022
796,Dennis Allen,NO,2022
797,Brian Daboll,NYG,2022
798,Robert Salah,NYJ,2022
799,Nick Sirianni,PHI,2022
800,Mike Tomlin,PIT,2022
801,Pete Carroll,SEA,2022
802,Kyle Shanahan,SF,2022
803,Bruce Arians,TB,2022
804,Mike Vrabel,TEN,2022
805,Ron Rivera,WAS,2022
