"","gsis_id","full_name"
"1","00-0000722","Tony Banks"
"2","00-0000865","Charlie Batch"
"3","00-0002110","Mark Brunell"
"4","00-0003292","Kerry Collins"
"5","00-0003315","Todd Collins"
"6","00-0003557","Scott Covington"
"7","00-0004229","Koy Detmer"
"8","00-0005589","Gus Frerotte"
"9","00-0005600","John Friesz"
"10","00-0007059","Mark Hartsell"
"11","00-0007835","Damon Huard"
"12","00-0009869","Jermaine Lewis"
"13","00-0010455","Jamie Martin"
"14","00-0011399","Brian Mitchell"
"15","00-0011434","Scott Mitchell"
"16","00-0011640","Moses Moreno"
"17","00-0012732","Rodney Peete"
"18","00-0013958","Charlie Rogers"
"19","00-0014234","Mark Rypien"
"20","00-0016683","Tom Tupa"
"21","00-0016838","Alex Van Pelt"
"22","00-0017697","Terrence Wilkins"
"23","00-0019041","Billy Volek"
"24","00-0019192","Travis Brown"
"25","00-0019442","Clint Stoerner"
"26","00-0019559","Chad Pennington"
"27","00-0019590","Chad Morton"
"28","00-0019596","Tom Brady"
"29","00-0020245","Mike Vick"
"30","00-0020305","A.J. Feeley"
"31","00-0020434","Chris Weinke"
"32","00-0020480","Sage Rosenfels"
"33","00-0020608","David Carr"
"34","00-0020679","Shaun Hill"
"35","00-0020973","Woody Dantzler"
"36","00-0021206","Josh McCown"
"37","00-0021231","David Garrard"
"38","00-0021238","Rohan Davey"
"39","00-0021303","Lamont Brightful"
"40","00-0021379","Patrick Ramsey"
"41","00-0021547","Antonio Gates"
"42","00-0021570","Kassim Osgood"
"43","00-0021678","Tony Romo"
"44","00-0022005","Chris Simms"
"45","00-0022026","Brooks Bollinger"
"46","00-0022027","Kliff Kingsbury"
"47","00-0022039","Ken Dorsey"
"48","00-0022101","Brian St. Pierre"
"49","00-0022112","Gibran Hamdan"
"50","00-0022121","Rex Grossman"
"51","00-0022177","Byron Leftwich"
"52","00-0022181","Drew Henson"
"53","00-0022397","Vonta Leach"
"54","00-0022414","Malcom Floyd"
"55","00-0022427","Wes Welker"
"56","00-0022770","Derrick Ward"
"57","00-0022827","John Navarre"
"58","00-0022864","Luke McCown"
"59","00-0022897","Greg Jones"
"60","00-0022912","J.P. Losman"
"61","00-0022999","John Kuhn"
"62","00-0023158","Brock Berlin"
"63","00-0023176","Josh Cribbs"
"64","00-0023310","Lance Moore"
"65","00-0023367","Nate Washington"
"66","00-0023503","Courtney Roby"
"67","00-0023504","Andrew Walter"
"68","00-0023506","Alex Smith"
"69","00-0023541","Kyle Orton"
"70","00-0023578","Dan Orlovsky"
"71","00-0023645","Derek Anderson"
"72","00-0023679","Billy Bajema"
"73","00-0023752","Daniel Fells"
"74","00-0023921","Miles Austin"
"75","00-0023968","Micheal Spurlock"
"76","00-0024204","Fred Jackson"
"77","00-0024225","Matt Leinart"
"78","00-0024297","Derek Hagan"
"79","00-0024300","Brodie Croyle"
"80","00-0024315","Michael Robinson"
"81","00-0024535","Eric Weems"
"82","00-0024813","Pierre Thomas"
"83","00-0024824","Matt Gutierrez"
"84","00-0025409","Brady Quinn"
"85","00-0025464","Matt Spaeth"
"86","00-0025479","Trent Edwards"
"87","00-0025592","Jordan Palmer"
"88","00-0025604","Tyler Thigpen"
"89","00-0025701","Jackie Battle"
"90","00-0025708","Matt Moore"
"91","00-0025749","Richard Bartel"
"92","00-0025860","BenJarvus Green-Ellis"
"93","00-0025951","Darius Reynaud"
"94","00-0025970","Caleb Hanie"
"95","00-0026000","Davone Bess"
"96","00-0026008","Matthew Mulligan"
"97","00-0026019","Danny Woodhead"
"98","00-0026032","Taj Smith"
"99","00-0026069","Mike Tolbert"
"100","00-0026072","Jed Collins"
"101","00-0026196","Brian Brohm"
"102","00-0026197","Chad Henne"
"103","00-0026300","Josh Johnson"
"104","00-0026364","Steve Johnson"
"105","00-0026393","Marcel Reece"
"106","00-0026544","Chase Daniel"
"107","00-0026557","Will Ta'ufo'ou"
"108","00-0026566","Isaac Redman"
"109","00-0026577","Marcus Thigpen"
"110","00-0026625","Brian Hoyer"
"111","00-0026644","Josh Vaughan"
"112","00-0026691","Chris Williams"
"113","00-0026699","Kevin Brock"
"114","00-0026739","Jordan Norwood"
"115","00-0026757","Kory Sperry"
"116","00-0026780","Kevin Ogletree"
"117","00-0026796","Arian Foster"
"118","00-0026852","Darrel Young"
"119","00-0026855","Antone Smith"
"120","00-0026878","Tom Crabtree"
"121","00-0026926","Frank Summers"
"122","00-0027012","Brian Robiskie"
"123","00-0027057","Brandon Tate"
"124","00-0027069","Chase Coffman"
"125","00-0027093","Tony Fiammetta"
"126","00-0027106","Quinn Johnson"
"127","00-0027109","James Casey"
"128","00-0027121","Tom Brandstater"
"129","00-0027134","Curtis Painter"
"130","00-0027156","Tiquan Underwood"
"131","00-0027188","Chad Hall"
"132","00-0027202","Michael Palmer"
"133","00-0027215","Logan Paulsen"
"134","00-0027218","Joique Bell"
"135","00-0027253","Thad Lewis"
"136","00-0027259","Jake Ballard"
"137","00-0027265","Victor Cruz"
"138","00-0027321","Jeff Cumberland"
"139","00-0027322","David Nelson"
"140","00-0027325","LeGarrette Blount"
"141","00-0027346","Alfonso Smith"
"142","00-0027349","Stephen Williams"
"143","00-0027356","Marlon Moore"
"144","00-0027445","Jeron Mastrud"
"145","00-0027450","Preston Parker"
"146","00-0027531","Chris Ivory"
"147","00-0027567","Steve Maneri"
"148","00-0027581","Seyi Ajirotutu"
"149","00-0027583","Richie Brockel"
"150","00-0027595","Bryan Walters"
"151","00-0027606","Trindon Holliday"
"152","00-0027608","Kyle Williams"
"153","00-0027692","Armanti Edwards"
"154","00-0027708","Marcus Easley"
"155","00-0027739","John Conner"
"156","00-0027753","Andrew Quarless"
"157","00-0027755","David Reed"
"158","00-0027775","Rusty Smith"
"159","00-0027779","Deji Karim"
"160","00-0027780","Nate Byham"
"161","00-0027804","Levi Brown"
"162","00-0027809","Mickey Shuler"
"163","00-0027816","Marc Mariani"
"164","00-0027819","Dorin Dickerson"
"165","00-0027825","Jim Dray"
"166","00-0027844","Erik Lorig"
"167","00-0027853","Teddy Williams"
"168","00-0027905","Will Tukuafu"
"169","00-0027917","Tyler Clutts"
"170","00-0027918","Andrew Hawkins"
"171","00-0027925","James Develin"
"172","00-0027964","Jon Baldwin"
"173","00-0028007","Rob Housler"
"174","00-0028045","Kris Durham"
"175","00-0028049","Clyde Gates"
"176","00-0028070","Kealoha Pilares"
"177","00-0028119","Richard Gordon"
"178","00-0028156","Ryan Taylor"
"179","00-0028174","Stephen Burton"
"180","00-0028178","Stanley Havili"
"181","00-0028198","Matt Asiata"
"182","00-0028202","Shaun Draughn"
"183","00-0028238","Konrad Reuland"
"184","00-0028249","Jeremy Ross"
"185","00-0028263","Andre Holmes"
"186","00-0028267","Allen Reisner"
"187","00-0028270","Weslye Saunders"
"188","00-0028292","Nick Bellore"
"189","00-0028293","Michael Campbell"
"190","00-0028307","Drew Davis"
"191","00-0028345","Robert Hughes"
"192","00-0028352","Dane Sanzenbacher"
"193","00-0028362","Michael Preston"
"194","00-0028409","DuJuan Harris"
"195","00-0028434","Doug Baldwin"
"196","00-0028442","Ricardo Lockette"
"197","00-0028492","Henry Hynoski"
"198","00-0028497","Kamar Aiken"
"199","00-0028532","Joseph Morgan"
"200","00-0028542","Lestar Jean"
"201","00-0028543","Jeff Maehl"
"202","00-0028581","Patrick DiMarco"
"203","00-0028595","Scott Tolzien"
"204","00-0028596","Tori Gurley"
"205","00-0028606","Kerry Taylor"
"206","00-0028613","Phillip Tanner"
"207","00-0028651","Mike McNeill"
"208","00-0028702","Chris Matthews"
"209","00-0028706","Armond Smith"
"210","00-0028792","Kevin Cone"
"211","00-0028795","Chase Reynolds"
"212","00-0028825","Terrelle Pryor"
"213","00-0028838","Larry Donnell"
"214","00-0028841","Will Johnson"
"215","00-0028863","Dominique Davis"
"216","00-0028876","Collin Mooney"
"217","00-0028892","Gerell Robinson"
"218","00-0028903","Garrett Celek"
"219","00-0028905","Chris Owusu"
"220","00-0028930","Josh Cooper"
"221","00-0028957","Austin Davis"
"222","00-0028958","Cory Harkey"
"223","00-0028984","Brian Tyms"
"224","00-0028986","Case Keenum"
"225","00-0028987","Phillip Supernaw"
"226","00-0028994","Dominique Jones"
"227","00-0029004","Lance Dunbar"
"228","00-0029006","Saalim Hakim"
"229","00-0029033","Griff Whalen"
"230","00-0029048","Joe Banyard"
"231","00-0029051","Jarrett Boykin"
"232","00-0029068","Derrick Coleman"
"233","00-0029098","Eric Page"
"234","00-0029104","Jonas Gray"
"235","00-0029108","Derek Moye"
"236","00-0029129","Rod Streater"
"237","00-0029151","Matt Simms"
"238","00-0029155","Mike Brown"
"239","00-0029159","Jermaine Kearse"
"240","00-0029183","Danny Noble"
"241","00-0029205","Travaris Cadet"
"242","00-0029218","David Paulson"
"243","00-0029227","Pat Edwards"
"244","00-0029234","Kellen Moore"
"245","00-0029276","Evan Rodriguez"
"246","00-0029281","Adrien Robinson"
"247","00-0029300","Tommy Streeter"
"248","00-0029311","Junior Hemingway"
"249","00-0029319","Josh Bellamy"
"250","00-0029336","Brittan Golden"
"251","00-0029367","Julian Talley"
"252","00-0029384","Bobby Rainey"
"253","00-0029388","Deonte Thompson"
"254","00-0029391","Sean McGrath"
"255","00-0029394","Brenton Bersin"
"256","00-0029401","Tauren Poole"
"257","00-0029420","Bradie Ewing"
"258","00-0029424","Marvin McNutt"
"259","00-0029432","Chase Ford"
"260","00-0029435","Damaris Johnson"
"261","00-0029438","Chris Polk"
"262","00-0029441","Jeremy Stewart"
"263","00-0029463","De'Andre Presley"
"264","00-0029492","Jamize Olawale"
"265","00-0029494","Joe Anderson"
"266","00-0029510","Jonathan Grimes"
"267","00-0029534","Cooper Helfet"
"268","00-0029552","Jeremy Ebert"
"269","00-0029590","Taylor Thompson"
"270","00-0029601","Brandon Bostick"
"271","00-0029619","Jorvorskie Lane"
"272","00-0029623","Alex Tanney"
"273","00-0029634","James Hanna"
"274","00-0029664","Josh Gordon"
"275","00-0029722","Jeff Demps"
"276","00-0029729","Austin Johnson"
"277","00-0029731","Fozzy Whittaker"
"278","00-0029740","Ifeanyi Momah"
"279","00-0029755","Brian Leonhardt"
"280","00-0029778","Darius Johnson"
"281","00-0029791","Ronnie Wingo"
"282","00-0029793","Brandon Williams"
"283","00-0029795","Benny Cunningham"
"284","00-0029848","Nick Williams"
"285","00-0029854","C.J. Anderson"
"286","00-0029856","Lamaar Thomas"
"287","00-0029857","Ryan Griffin"
"288","00-0029868","Skye Dawson"
"289","00-0029878","MarQueis Gray"
"290","00-0029883","Joseph Fauria"
"291","00-0029910","Timothy Wright"
"292","00-0029931","Zach Line"
"293","00-0029934","Rodney Smith"
"294","00-0029999","Zach Sudfeld"
"295","00-0030000","Kenbrell Thompkins"
"296","00-0030024","Jeff Tuel"
"297","00-0030039","Kendall Gaskins"
"298","00-0030043","Da'Rick Rogers"
"299","00-0030095","Corey Fuller"
"300","00-0030110","Michael Williams"
"301","00-0030116","Kevin Dorsey"
"302","00-0030120","B.J. Daniels"
"303","00-0030129","Justice Cunningham"
"304","00-0030147","Russell Shepard"
"305","00-0030151","Tyler Bray"
"306","00-0030154","Frankie Hammond"
"307","00-0030162","Rico Richardson"
"308","00-0030175","Ryan Spadola"
"309","00-0030187","Rashad Ross"
"310","00-0030233","Ray Graham"
"311","00-0030236","Dennis Johnson"
"312","00-0030247","George Winn"
"313","00-0030248","Cierre Wood"
"314","00-0030272","Jake Stoneburner"
"315","00-0030274","Myles White"
"316","00-0030300","Jaron Brown"
"317","00-0030320","Michael Hill"
"318","00-0030348","Khiry Robinson"
"319","00-0030370","Greg Jenkins"
"320","00-0030400","Marlon Brown"
"321","00-0030419","Matthew McGloin"
"322","00-0030466","Justin Brown"
"323","00-0030569","Sean Renfree"
"324","00-0030586","Ryan Nassib"
"325","00-0030647","Jordan Thompson"
"326","00-0030653","Ray Agnew"
"327","00-0030656","Isaiah Crowell"
"328","00-0030659","Jonathan Krause"
"329","00-0030661","Connor Shaw"
"330","00-0030668","Charcandrick West"
"331","00-0030670","Bennie Fowler"
"332","00-0030671","Isaiah Burse"
"333","00-0030691","Jeremy Butler"
"334","00-0030705","Juwan Thompson"
"335","00-0030711","David Fluellen"
"336","00-0030737","Freddie Martino"
"337","00-0030741","Roosevelt Nix"
"338","00-0030743","Bernard Reedy"
"339","00-0030758","Justin Perillo"
"340","00-0030780","Ryan Hewitt"
"341","00-0030789","Antonio Andrews"
"342","00-0030801","Brandon Coleman"
"343","00-0030805","Je'Ron Hamm"
"344","00-0030806","Nic Jacobs"
"345","00-0030807","Seantavius Jones"
"346","00-0030821","Allen Hurns"
"347","00-0030822","Marcel Jensen"
"348","00-0030828","D.J. Tialavea"
"349","00-0030832","Asante Cleveland"
"350","00-0030839","Solomon Patton"
"351","00-0030854","Erik Swoope"
"352","00-0030855","Zurlon Tipton"
"353","00-0030856","Tony Washington"
"354","00-0030860","Orleans Darkwa"
"355","00-0030865","Gator Hoskins"
"356","00-0030897","Corey Washington"
"357","00-0030920","Javontee Herndon"
"358","00-0030968","Keith Smith"
"359","00-0030985","Trey Watts"
"360","00-0031008","Silas Redd"
"361","00-0031035","Xavier Grimble"
"362","00-0031102","Kapri Bibbs"
"363","00-0031118","Corey Brown"
"364","00-0031123","Darrin Reaves"
"365","00-0031158","George Atkinson"
"366","00-0031166","Seth Roberts"
"367","00-0031167","Scott Simonson"
"368","00-0031209","Senorise Perry"
"369","00-0031228","Taylor Gabriel"
"370","00-0031268","Walt Powell"
"371","00-0031277","Branden Oliver"
"372","00-0031320","Kevin Smith"
"373","00-0031327","Kevin Norwood"
"374","00-0031332","Fitzgerald Toussaint"
"375","00-0031450","Josh Harris"
"376","00-0031459","Glenn Winston"
"377","00-0031462","Jerome Cunningham"
"378","00-0031493","Jarryd Hayne"
"379","00-0031511","DeAndrew White"
"380","00-0031514","Quan Bray"
"381","00-0031526","Tyler Varga"
"382","00-0031531","Trey Williams"
"383","00-0031533","Randall Telfer"
"384","00-0031665","Zach Zenner"
"385","00-0031682","Terron Ward"
"386","00-0031684","Shane Wynn"
"387","00-0031697","Jordan Taylor"
"388","00-0031706","Paul Lasike"
"389","00-0031731","Corey Grant"
"390","00-0031732","Connor Hamlett"
"391","00-0031743","Akeem Hunt"
"392","00-0031744","Matt LaCosse"
"393","00-0031746","George Farmer"
"394","00-0031757","Lucky Whitehead"
"395","00-0031768","Terrence Magee"
"396","00-0031782","Eli Rogers"
"397","00-0031788","Matt Lengel"
"398","00-0031793","Terrell Watson"
"399","00-0031801","Jordan Leslie"
"400","00-0031816","Tyler Murphy"
"401","00-0031818","Bradley Marquez"
"402","00-0031826","John Crockett"
"403","00-0031830","Alonzo Harris"
"404","00-0031834","Larry Pinkard"
"405","00-0031854","Chris Harper"
"406","00-0031884","Gabe Holmes"
"407","00-0031897","Thomas Rawls"
"408","00-0031900","Rodney Smith"
"409","00-0031912","Cameron Meredith"
"410","00-0031922","Khari Lee"
"411","00-0031932","Chandler Worthy"
"412","00-0031968","E.J. Bibbs"
"413","00-0031972","Darius Jennings"
"414","00-0032001","Ben Edwards"
"415","00-0032004","Will Tye"
"416","00-0032008","Donteea Dye"
"417","00-0032012","Isaac Fruechte"
"418","00-0032045","Andrew Turzilli"
"419","00-0032048","Mack Brown"
"420","00-0032070","Dezmin Lewis"
"421","00-0032089","Brian Parker"
"422","00-0032122","Joey Iosefa"
"423","00-0032190","Gerald Christian"
"424","00-0032250","Kasen Williams"
"425","00-0032298","Bronson Hill"
"426","00-0032319","Ross Travis"
"427","00-0032362","Maurice Harris"
"428","00-0032365","Demarcus Ayers"
"429","00-0032371","Rob Kelley"
"430","00-0032375","Joe Kerridge"
"431","00-0032377","Josh Ferguson"
"432","00-0032400","Malcolm Mitchell"
"433","00-0032462","Trevone Boykin"
"434","00-0032472","Tre Madden"
"435","00-0032475","Tanner McEvoy"
"436","00-0032482","Bralon Addison"
"437","00-0032508","Hakeem Valles"
"438","00-0032515","Braedon Bowman"
"439","00-0032523","Henry Krieger-Coble"
"440","00-0032540","Tra Carson"
"441","00-0032562","Cole Wick"
"442","00-0032577","D.J. Foster"
"443","00-0032593","Brandon Wilds"
"444","00-0032599","Joshua Perkins"
"445","00-0032626","Geronimo Allison"
"446","00-0032630","Joe Callahan"
"447","00-0032634","David Grinnage"
"448","00-0032636","Don Jackson"
"449","00-0032650","Ryan Malleck"
"450","00-0032656","Darius Powe"
"451","00-0032659","Roger Lewis"
"452","00-0032661","Ben Braunecker"
"453","00-0032679","Paul McRoberts"
"454","00-0032694","Jalin Marshall"
"455","00-0032705","Ed Eagan"
"456","00-0032707","Andy Jones"
"457","00-0032724","Bryce Treggs"
"458","00-0032728","Tevin Jones"
"459","00-0032739","Wendall Williams"
"460","00-0032740","Lawrence Thomas"
"461","00-0032745","Alan Cross"
"462","00-0032794","Dan Vitale"
"463","00-0032801","Daniel Braverman"
"464","00-0032839","Hunter Sharp"
"465","00-0032841","Paul Turner"
"466","00-0032844","Brandon Burks"
"467","00-0032864","Alex Ellis"
"468","00-0032881","Tommylee Lewis"
"469","00-0032902","Kenneth Farrow"
"470","00-0032926","K.J. Brent"
"471","00-0032935","Johnny Holton"
"472","00-0032937","Max McCaffrey"
"473","00-0032945","Duke Williams"
"474","00-0032964","Byron Marshall"
"475","00-0032974","Jordan Payton"
"476","00-0033025","Jalen Richard"
"477","00-0033043","Austin Traylor"
"478","00-0033087","Marquis Bundy"
"479","00-0033164","Troymaine Pope"
"480","00-0033215","Cyril Grayson"
"481","00-0033266","JoJo Natson"
"482","00-0033306","Victor Bolden"
"483","00-0033315","Cole Hikutini"
"484","00-0033352","Michael Clark"
"485","00-0033373","Taquan Mizzell"
"486","00-0033374","Ricky Ortiz"
"487","00-0033379","Tim White"
"488","00-0033382","Austin Carr"
"489","00-0033384","LeShun Daniels"
"490","00-0033386","Cody Hollister"
"491","00-0033413","De'Veon Smith"
"492","00-0033434","Bobo Wilson"
"493","00-0033441","Keon Hatcher"
"494","00-0033449","Isaac Whitney"
"495","00-0033474","Gehrig Dieter"
"496","00-0033514","Emanuel Byrd"
"497","00-0033604","Krishawn Hogan"
"498","00-0033627","Jason Croom"
"499","00-0033633","Tanner Gentry"
"500","00-0033662","Cooper Rush"
"501","00-0033696","Sean Culkin"
"502","00-0033705","Andre Patton"
"503","00-0033717","Travis Rudolph"
"504","00-0033742","Tyrone Swoopes"
"505","00-0033748","Tion Green"
"506","00-0033760","Justin Davis"
"507","00-0033773","Riley McCarron"
"508","00-0033796","Marquez Williams"
"509","00-0033838","Trey Edmunds"
"510","00-0033855","Chris Thompson"
"511","00-0033994","Fred Brown"
"512","00-0034034","Rashard Davis"
"513","00-0034054","River Cracraft"
"514","00-0034081","Steven Mitchell"
"515","00-0034101","Matt Flanagan"
"516","00-0034131","Kurt Benkert"
"517","00-0034169","Marcus Baugh"
"518","00-0034171","Jason Cabinda"
"519","00-0034177","Tim Boyle"
"520","00-0034193","Kevin Rader"
"521","00-0034201","De'Lance Turner"
"522","00-0034207","Jeff Badet"
"523","00-0034208","Mike Boone"
"524","00-0034221","Roc Thomas"
"525","00-0034253","Dontrell Hilliard"
"526","00-0034256","Da'Mari Scott"
"527","00-0034258","Derrick Willies"
"528","00-0034311","Johnny Stanton"
"529","00-0034317","Keith Kirkwood"
"530","00-0034319","Deon Yelder"
"531","00-0034427","David Williams"
"532","00-0034449","Buddy Howell"
"533","00-0034457","Josh Adams"
"534","00-0034489","Jalen Tolliver"
"535","00-0034499","Jawill Davis"
"536","00-0034509","Keith Ford"
"537","00-0034510","Robert Foster"
"538","00-0034512","Cam Phillips"
"539","00-0034532","Jordan Franks"
"540","00-0034560","JJ Jones"
"541","00-0034565","Detrez Newsome"
"542","00-0034577","Kyle Allen"
"543","00-0034578","Reggie Bonnafon"
"544","00-0034593","Chris Lacy"
"545","00-0034597","Ryan Nall"
"546","00-0034613","Tanner Hudson"
"547","00-0034621","Shaun Wilson"
"548","00-0034631","Vyncint Smith"
"549","00-0034646","Brandon Powell"
"550","00-0034652","Cameron Batson"
"551","00-0034653","Deontay Burnett"
"552","00-0034654","Dalyn Dawkins"
"553","00-0034660","Rico Gafford"
"554","00-0034672","Ethan Wolf"
"555","00-0034705","John Franklin"
"556","00-0034710","Darvin Kidsy"
"557","00-0034735","Codey McElroy"
"558","00-0034788","Jaeden Graham"
"559","00-0034854","Khadarel Hodge"
"560","00-0034867","Malik Turner"
"561","00-0034899","John Wolford"
"562","00-0034922","Ishmael Hyman"
"563","00-0034955","Brett Rypien"
"564","00-0034959","Andrew Beck"
"565","00-0035013","Jon Hilliman"
"566","00-0035025","Hale Hentges"
"567","00-0035039","Stephen Carlson"
"568","00-0035040","David Blough"
"569","00-0035045","D.J. Montgomery"
"570","00-0035099","Khari Blasingame"
"571","00-0035101","Davion Davis"
"572","00-0035104","Alexander Hollins"
"573","00-0035120","Keelan Doss"
"574","00-0035125","Alec Ingold"
"575","00-0035126","Antoine Wesley"
"576","00-0035161","John Lovett"
"577","00-0035181","Darrius Shepherd"
"578","00-0035184","Devine Ozigbo"
"579","00-0035187","Austin Walter"
"580","00-0035341","Trenton Irwin"
"581","00-0035342","Patrick Laird"
"582","00-0035345","Chris Myarick"
"583","00-0035356","Tyree Jackson"
"584","00-0035359","David Sills"
"585","00-0035374","Michael Walker"
"586","00-0035401","Damion Willis"
"587","00-0035428","Daniel Helm"
"588","00-0035432","Jason Moore"
"589","00-0035489","Wes Hills"
"590","00-0035500","Greg Dortch"
"591","00-0035544","Tom Kennedy"
"592","00-0035548","Ventell Bryant"
"593","00-0035551","Tony Brooks-James"
"594","00-0035553","Charles Jones"
"595","00-0035562","Jesper Horsted"
"596","00-0035567","Craig Reynolds"
"597","00-0035572","Parker Hesse"
"598","00-0035577","Devlin Hodges"
"599","00-0035603","Kendall Blanton"
"600","00-0035715","Derrick Gore"
"601","00-0035752","Chris Streveler"
"602","00-0035760","Jacques Patrick"
"603","00-0035835","Nathan Cottrell"
"604","00-0035844","Kirk Merritt"
"605","00-0035848","DeMichael Harris"
"606","00-0035869","Austin Mack"
"607","00-0035883","Maurice Ffrench"
"608","00-0035891","Cody White"
"609","00-0035898","Darius Bradwell"
"610","00-0035908","Gabe Nabers"
"611","00-0035912","LeVante Bellamy"
"612","00-0035956","Giovanni Ricci"
"613","00-0035957","Rodney Smith"
"614","00-0035973","Patrick Taylor"
"615","00-0035993","Tyler Huntley"
"616","00-0036000","Adrian Killins"
"617","00-0036005","Noah Togiai"
"618","00-0036008","Hunter Bryant"
"619","00-0036032","Sean McKeon"
"620","00-0036069","Scottie Phillips"
"621","00-0036080","Easop Winston"
"622","00-0036100","Isaiah Zuber"
"623","00-0036110","Ja'Marcus Bradley"
"624","00-0036139","Rico Dowdle"
"625","00-0036145","Lawrence Cager"
"626","00-0036173","Tommy Hudson"
"627","00-0036183","Kristian Wilkerson"
"628","00-0036187","Reggie Gilliam"
"629","00-0036188","Antonio Williams"
"630","00-0036208","Artavis Pierce"
"631","00-0036493","Deon Jackson"
"632","00-0036510","Kenny Yeboah"
"633","00-0036523","Trey Ragas"
"634","00-0036534","Shane Zylstra"
"635","00-0036582","Nate McCrary"
"636","00-0036727","Adam Prentice"
"637","00-0036754","Brock Wright"
"638","00-0036768","JaQuan Hardy"
"639","00-0036825","Feleipe Franks"
"640","00-0036842","Kene Nwangwu"
"641","00-0036862","Ben Skowronek"
